{
  "自动检测": "auto-detect",
  "Bhojpuri": "bho",
  "Bodo": "brx",
  "Chhattisgarhi": "hne",
  "Chinese (Literary)": "lzh",
  "Dogri": "doi",
  "Ganda": "lug",
  "Inuinnaqtun": "ikt",
  "Inuktitut (Latin)": "iu-Latn",
  "Kashmiri": "ks",
  "Konkani": "gom",
  "Mongolian (Cyrillic)": "mn-Cyrl",
  "Mongolian (Traditional)": "mn-Mong",
  "Nyanja": "nya",
  "Rundi": "run",
  "Sesotho": "st",
  "Sesotho sa Leboa": "nso",
  "Setswana": "tn",
  "上索布语": "hsb",
  "下索布语": "dsb",
  "中文 (简体)": "zh-Hans",
  "中文 (繁体)": "zh-Hant",
  "丹麦语": "da",
  "乌克兰语": "uk",
  "乌兹别克语": "uz",
  "乌尔都语": "ur",
  "书面挪威语": "nb",
  "亚美尼亚语": "hy",
  "伊博语": "ig",
  "俄语": "ru",
  "保加利亚语": "bg",
  "信德语": "sd",
  "僧伽罗语": "si",
  "克林贡语 (拉丁文)": "tlh-Latn",
  "克罗地亚语": "hr",
  "克雷塔罗奥托米语": "otq",
  "冰岛语": "is",
  "加利西亚语": "gl",
  "加泰罗尼亚语": "ca",
  "匈牙利语": "hu",
  "南非荷兰语": "af",
  "卡纳达语": "kn",
  "卢旺达语": "rw",
  "印地语": "hi",
  "印度尼西亚语": "id",
  "古吉拉特语": "gu",
  "哈萨克语": "kk",
  "因纽特语": "iu",
  "土库曼语": "tk",
  "土耳其语": "tr",
  "塔希提语": "ty",
  "塞尔维亚语 (拉丁文)": "sr-Latn",
  "塞尔维亚语 (西里尔文)": "sr-Cyrl",
  "奥里亚语": "or",
  "威尔士语": "cy",
  "孟加拉语": "bn",
  "尤卡特克玛雅语": "yua",
  "尼泊尔语": "ne",
  "巴什基尔语": "ba",
  "巴斯克语": "eu",
  "希伯来语": "he",
  "希腊语": "el",
  "库尔德语 (中)": "ku",
  "库尔德语 (北)": "kmr",
  "德语": "de",
  "意大利语": "it",
  "拉脱维亚语": "lv",
  "捷克语": "cs",
  "提格利尼亚语": "ti",
  "斐济语": "fj",
  "斯洛伐克语": "sk",
  "斯洛文尼亚语": "sl",
  "斯瓦希里语": "sw",
  "旁遮普语": "pa",
  "日语": "ja",
  "普什图语": "ps",
  "林加拉语": "ln",
  "柯尔克孜语": "ky",
  "格鲁吉亚语": "ka",
  "毛利语": "mi",
  "汤加语": "to",
  "法罗语": "fo",
  "法语": "fr",
  "法语 (加拿大)": "fr-CA",
  "波兰语": "pl",
  "波斯尼亚语": "bs",
  "波斯语": "fa",
  "泰卢固语": "te",
  "泰米尔语": "ta",
  "泰语": "th",
  "海地克里奥尔语": "ht",
  "爱尔兰语": "ga",
  "爱沙尼亚语": "et",
  "瑞典语": "sv",
  "祖鲁语": "zu",
  "科萨语": "xh",
  "立陶宛语": "lt",
  "粤语 (繁体)": "yue",
  "索马里语": "so",
  "约鲁巴语": "yo",
  "绍纳语": "sn",
  "维吾尔语": "ug",
  "缅甸语": "my",
  "罗马尼亚语": "ro",
  "老挝语": "lo",
  "芬兰语": "fi",
  "苗语": "mww",
  "荷兰语": "nl",
  "菲律宾语": "fil",
  "萨摩亚语": "sm",
  "葡萄牙语 (巴西)": "pt",
  "葡萄牙语 (葡萄牙)": "pt-PT",
  "藏语": "bo",
  "西班牙语": "es",
  "豪萨语": "ha",
  "越南语": "vi",
  "达里语": "prs",
  "迈蒂利语": "mai",
  "迪维希语": "dv",
  "阿塞拜疆语": "az",
  "阿姆哈拉语": "am",
  "阿尔巴尼亚语": "sq",
  "阿拉伯语": "ar",
  "阿萨姆语": "as",
  "鞑靼语": "tt",
  "韩语": "ko",
  "马其顿语": "mk",
  "马拉加斯语": "mg",
  "马拉地语": "mr",
  "马拉雅拉姆语": "ml",
  "马来语": "ms",
  "马耳他语": "mt",
  "高棉语": "km",
  "English (United Kingdom)": "en-GB",
  "英语": "en"
}